视频URL,标题,封面地址,播放地址,类别,观看次数,点赞数,序号
https://www.kuaishou.com/short-video/3xah5jfs2696ci6,“我也是有极限的啊。拖着这样半龙半人的身体，为哥哥鞍前马后地跑，哥哥还不领情，总以为我给他的那些好处是自来的似的。”“哥哥，你淋雨，我就不打伞。” #配音 #路鸣泽,https://p2.a.yximgs.com/upic/2023/08/31/22/BMjAyMzA4MzEyMjExMDZfMTY4MTc5ODM1OV8xMTE4NDIzNTk4NjdfMV8z_ccc_Becc6a4562d6a003adace7f3417892bd3.jpg?tag=1-1744982237-xpcwebsearch-0-3donuea17z-7c197e428e5bd6,https://v2-zj-scct.kwaicdn.com/upic/2023/08/31/22/BMjAyMzA4MzEyMjExMDZfMTY4MTc5ODM1OV8xMTE4NDIzNTk4NjdfMV8z_b_Bf0c6f81daed09d3eeed84cc8930d3607.mp4?tag=1-1744982237-unknown-0-avfieyad0b-272fc67dba7cd5,CAT_222,76,44,53689
https://www.kuaishou.com/short-video/3xtubibq4zry95q,#旅行中的风景 #我的旅行故事 #旅途中的我 #走喽,https://p2.a.yximgs.com/upic/2025/04/11/09/BMjAyNTA0MTEwOTMwNTNfMzg3MDg2OTUzXzE2MTQzMjAwNDUwOF8yXzM=_B32439b88fd8bc7859fdfc491dadfeae6.jpg?tag=1-1744708209-xpcwebsearch-0-x0y9reo0ac-d5e6493307f5c1fa&c,https://v2-zj-scct.kwaicdn.com/upic/2025/04/11/09/BMjAyNTA0MTEwOTMwNTNfMzg3MDg2OTUzXzE2MTQzMjAwNDUwOF8yXzM=_b_B6cf0488b1e3c0af2f1c31a18f7555bc7.mp4?tag=1-1744708209-unknown-0-jwzwkjlmi2-38ff91b0a62760,CAT_222,75,43,32969
https://www.kuaishou.com/short-video/3xrqx8ts3e34n9s,单腿深蹲的训练有助于让你膝盖越练越强 @快手热点(O3xddgkd5fav5if9) @快手粉条(O3xhcy6vhfzcu3qe) @快手健身(O3xq6pxy9umkct3w),https://p4.a.yximgs.com/upic/2021/06/01/18/BMjAyMTA2MDExODA2NTBfMjI5NDI5ODQ1MV81MDYzNjQwNzQ4OV8xXzM=_Be42ad6b7b7319fcadc29d0479b973b8c.jpg?tag=1-1744983441-xpcwebsearch-0-1113styqkc-4cc29d81868675b1&c,https://v2-zj-scct.kwaicdn.com/upic/2021/06/01/18/BMjAyMTA2MDExODA2NTBfMjI5NDI5ODQ1MV81MDYzNjQwNzQ4OV8xXzM=_b_B5b1b9fa7aeee7985768d9e0083c7790a.mp4?tag=1-1744983441-unknown-0-gkxmdqdzsg-29d239a053dec3,CAT_222,80,42,57675
https://www.kuaishou.com/short-video/3xpgba6n3y2f47w,#蓝心羽版淋一场雨 #就当作淋一场雨湿了眼睛 讨厌异地恋一万次，但我喜欢你一万零一次 #治愈系动画 #情侣日常,https://p1.a.yximgs.com/upic/2025/01/25/21/BMjAyNTAxMjUyMTE0MzhfMjgxODU4NjM5MF8xNTQ5NzUzNzM1MjZfMV8z_ccc_B4818adbd910cf56a1d9828dfced990bf.jpg?tag=1-1744705594-xpcwebsearch-0-7w6ohihuq7-50b4e8f57432a8,https://v2.kwaicdn.com/ksc2/RQot_kZa5aqsiGTgP_vMZdU_WLxL1FQEuAlwC9Tdy3Lw-2mcq55_FpF9hb1Wd4paFLDDXRXf4QGVpl3nWmjk7dh2T9H-vzSmKzR1hX-3LZN7rGWfeQTxTH2KH36TdKosOOUEvS6vpGaEbrfcX6KB_a2oPqPMFi07LOptvFU4yEQI,CAT_222,75,42,24972
https://www.kuaishou.com/short-video/3xsj9xqwfp8yhpu,给大家爆料一下二手手机怎么选择 #手机使用小技巧 #手机小知识 #手机宝宝,https://p1.a.yximgs.com/upic/2023/10/05/16/BMjAyMzEwMDUxNjI5NDVfMTIxMDI4NTkzMl8xMTQzODQ1MzU5MjdfMl8z_B72aff057172751b0c71ad7b8934b3cfb.jpg?tag=1-1744984831-xpcwebsearch-0-nwjxxelale-05bba5b6a2789305&c,https://v2.kwaicdn.com/ksc2/aHHYm8aqcELc6cdZgsOj2S8R6PHyZ0_4QzvYlxdfYmMeEE730NVoJBvIt-Lhjcklle8Ij0JbT2_TEp6GFwsmha2tl_kO8QpeVqm9AhBAGDC4cfWbItUccNoo2jjwxx7TJYs96P2kArPNS4WqJlfRNriarA4I11X7oO1yk08vB9TS,CAT_222,73,40,61704
https://www.kuaishou.com/short-video/3xvmbxagey89any,深蹲你真的做对了吗？ #健身打卡燥一夏,https://p3.a.yximgs.com/upic/2021/05/31/21/BMjAyMTA1MzEyMTM0MTBfMTg0NDE1OTIzMl81MDU5MDM4NjEwNF8xXzM=_Bc57d614ecbaf7a9945b13e97436a86ed.jpg?tag=1-1744983435-xpcwebsearch-0-9jxgxkjigj-0b0dd0fe132b2e09&c,https://v2-zj-scct.kwaicdn.com/upic/2021/05/31/21/BMjAyMTA1MzEyMTM0MTBfMTg0NDE1OTIzMl81MDU5MDM4NjEwNF8xXzM=_b_Bacd1a4ef9e44f190811116d2326833d0.mp4?tag=1-1744983435-unknown-0-xlj2rvgqrr-624f3fe35ff1d6,CAT_222,78,39,57637
https://www.kuaishou.com/short-video/3xqatgisfnhui7y,#旅途中的我 #我的旅行故事,https://p1.a.yximgs.com/upic/2025/04/10/06/BMjAyNTA0MTAwNjUxMjhfOTIyNTI3Mjc5XzE2MTM1NTQxMDE1Nl8yXzM=_Bf1c5c40082a9a09fb3a11017a5bb46d3.jpg?tag=1-1744708212-xpcwebsearch-0-xkkufui0ci-8acf2783b20af0b8&c,https://v2-zj-scct.kwaicdn.com/upic/2025/04/10/06/BMjAyNTA0MTAwNjUxMjhfOTIyNTI3Mjc5XzE2MTM1NTQxMDE1Nl8yXzM=_b_B4b38db53037459f48351a3f6675da246.mp4?tag=1-1744708212-unknown-0-zralhbdivj-a44656cc2e0816,CAT_222,85,38,32998
https://www.kuaishou.com/short-video/3x6p6nd7h9ya2t4,日常英语口语 英语日常口语 语言学习 零基础学英语,https://picsum.photos/300/80?random,https://www.kuaishou.com/short-video/3x6p6nd7h9ya2t4,CAT_222,77,38,48474
https://www.kuaishou.com/short-video/3ximi556gpyxw2c,芒果台这次真的捡到宝了，《浪姐6》的唱跳黑马竟是搞笑女张小婉，张小婉凭实力打破了喜剧人的标签，直接飞升女神舞娘，真的惊艳了一眼又一眼。踢后腿，空中臀桥，舞蹈功底直接拉满。,https://p2.a.yximgs.com/upic/2025/04/13/09/BMjAyNTA0MTMwOTUxMjZfMjQ5NzcwNzIzNV8xNjE2MjUwMDQzMThfMV8z_B4a015a77c53dcfc28f8c2a0a57d11630.jpg?tag=1-1744604763-xpcwebsearch-0-kupknwk5iz-4e1a8366327769cd&c,https://v2-zj-scct.kwaicdn.com/upic/2025/04/13/09/BMjAyNTA0MTMwOTUxMjZfMjQ5NzcwNzIzNV8xNjE2MjUwMDQzMThfMV8z_b_B47e20afed6574d396df742cc8915cd59.mp4?tag=1-1744604763-unknown-0-m0dagy4bfm-7995f0d2c5cc8f,CAT_222,75,38,8389
https://www.kuaishou.com/short-video/3x5qisvuf3ukiby,林莜作品，改编版练习。魔三斤的这种学唱，可谓是魔音绕梁啊。也能看出有些曲艺的功底,https://p1.a.yximgs.com/upic/2021/01/14/22/BMjAyMTAxMTQyMjE3MzhfMjE2NDU1MDUzMF80MjM4MTEzMjgwNV8yXzM=_B965a4d38bee6606ccedd109839f8416e.jpg?tag=1-1744604766-xpcwebsearch-0-lqmj6ykplg-3388e9019b77e759&c,https://v2-zj-scct.kwaicdn.com/upic/2021/01/14/22/BMjAyMTAxMTQyMjE3MzhfMjE2NDU1MDUzMF80MjM4MTEzMjgwNV8yXzM=_b_Ba48610b4d87eac7221154471f5645dd9.mp4?tag=1-1744604766-unknown-0-msy3iyqyct-a129a277e0be96,CAT_222,67,38,8402
https://www.kuaishou.com/short-video/3x37je2uguqnzkm,把深蹲这个简单的动作练对，已经能够快速提升弹跳，找对方法永远大于盲目努力。,https://p1.a.yximgs.com/upic/2024/12/06/21/BMjAyNDEyMDYyMTE0MThfMzA5NzQ1NTQ3NV8xNTA0ODIwNDMwNTdfMF8z_Bdbad33ae22fed81ffef04a94b73f5f29.jpg?tag=1-1744983438-xpcwebsearch-0-5avfkqzdq3-15105d37ee419fb0&c,https://v2-zj-scct.kwaicdn.com/upic/2024/12/06/21/BMjAyNDEyMDYyMTE0MThfMzA5NzQ1NTQ3NV8xNTA0ODIwNDMwNTdfMF8z_b_B37de2bf5234578ae7588ba2f53171e71.mp4?tag=1-1744983438-unknown-0-uoiekjs1ps-1cb0593ac445d7,CAT_222,64,38,57639
https://www.kuaishou.com/short-video/3xtq9gheewswzkg,恭喜王珞丹姐姐在三公正式成为演员版唱跳歌手,https://p1.a.yximgs.com/upic/2025/04/12/22/BMjAyNTA0MTIyMjE0MzdfMTE2MDAwMzMyMV8xNjE1OTU0ODI5MjJfMl8z_B7e08b2eda4f5b81940ea8b58580bf776.jpg?tag=1-1744604763-xpcwebsearch-0-ccihfopxp6-669d1537230aa019&c,https://v2-zj-scct.kwaicdn.com/upic/2025/04/12/22/BMjAyNTA0MTIyMjE0MzdfMTE2MDAwMzMyMV8xNjE1OTU0ODI5MjJfMl8z_b_Ba05d2bc9757a749fdbfd5c0f08932210.mp4?tag=1-1744604763-unknown-0-aywpzpmwtr-531cb48d4ec756,CAT_222,71,37,8376
https://www.kuaishou.com/short-video/3xiuy7q5habzyem,英语口语 英语听力 英语日常口语 语言学习 零基础学英语,https://picsum.photos/300/80?random,https://www.kuaishou.com/short-video/3xiuy7q5habzyem,CAT_222,65,37,48459
https://www.kuaishou.com/short-video/3x7kgmbi45qphd2,世界上最美妙的感觉就是 当你拥抱一个你爱的人时，他竟然把你抱得更紧. #治愈系动画 #情侣日常 #动画,https://p1.a.yximgs.com/upic/2025/02/16/15/BMjAyNTAyMTYxNTU2NDRfMjgxODU4NjM5MF8xNTcxMDc4NjA2OTJfMV8z_Bbebf141ce3153823a8e4743ba7d39895.jpg?tag=1-1744982200-xpcwebsearch-0-01nabh1i2g-2ed948b39d7766ee&c,https://v2-zj-scct.kwaicdn.com/upic/2025/02/16/15/BMjAyNTAyMTYxNTU2NDRfMjgxODU4NjM5MF8xNTcxMDc4NjA2OTJfMV8z_b_Be3900a4b9424bfd4898f75a7f144fd53.mp4?tag=1-1744982200-unknown-0-bnc8iswcio-5e45f06564140b,CAT_222,76,36,53572
https://www.kuaishou.com/short-video/3xxgve8ar5adqwa,#请你别走太快 我可以不听，但你不能不管 #甜甜的恋爱 #情侣日常 #治愈系动画,https://p1.a.yximgs.com/upic/2025/03/19/18/BMjAyNTAzMTkxODUxMjZfMzM4NDUzMTk5OF8xNTk2MTc0MTI1MTVfMl8z_B802e5cae4864f0a61892ed94fde0f5ac.jpg?tag=1-1744982197-xpcwebsearch-0-ry3ygytzrf-4f09a9a2482a8b51&c,https://v2.kwaicdn.com/ksc2/XXmFZ6dcaXglkeM6DvmBbwBJeZ0UCdiRncZXRmLjeOaks4xu_QWeQqNT-7muvH9VuonkKTQ7VWIJpkmtRV-3O3bbfCEGx4qhXPOt83EFkwfaT9XFW1fEaFdQGgh9NXskBrI4UsbhyCRWX00jKzyLocK0T21yjbKP2zPQwMLD3kpR,CAT_222,73,36,53548
https://www.kuaishou.com/short-video/3xkg4n4i6ctthgg,#配音 你已经长大了,https://p5.a.yximgs.com/upic/2024/07/28/15/BMjAyNDA3MjgxNTA0MzFfMjY2MDM3NzAyXzEzOTA1OTM0Nzg1OV8xXzM=_B952f5ca9777e3da8459d6cf9ccb2f739.jpg?tag=1-1744982237-xpcwebsearch-0-qv1xhrgzvm-ba4223d68690065c&c,https://v2-zj-scct.kwaicdn.com/upic/2024/07/28/15/BMjAyNDA3MjgxNTA0MzFfMjY2MDM3NzAyXzEzOTA1OTM0Nzg1OV8xXzM=_b_B057f39b5d65e2c277233e82dcb4a1836.mp4?tag=1-1744982237-unknown-0-xt3yw1ewlz-a1b94dbbcc12d1,CAT_222,72,36,53699
https://www.kuaishou.com/short-video/3xznpjvm9a75yjk,做深蹲膝盖痛，你就这么练！一个月后整个人都🐮了 #深蹲,https://p1.a.yximgs.com/upic/2022/12/18/19/BMjAyMjEyMTgxOTU5MjJfMTE2MjM4NDA5NV85MTQyNzg0NDkwMV8yXzM=_Bbdae8adfbb471a9559002401236467a6.jpg?tag=1-1744983441-xpcwebsearch-0-hcheqyy0gb-67ff908bf8be447e&c,https://v2-zj-scct.kwaicdn.com/upic/2022/12/18/19/BMjAyMjEyMTgxOTU5MjJfMTE2MjM4NDA5NV85MTQyNzg0NDkwMV8yXzM=_b_Be9d68536ba1d6428edefe52f918ade4e.mp4?tag=1-1744983441-unknown-0-cthloinaax-3a566b90547d5a,CAT_222,70,36,57674
https://www.kuaishou.com/short-video/3xdkavsmw4q9i92,这个视频有点长 请看到最后 能否换来一个小红心♥️ #客厅健身房 ##客厅挑战赛,https://p2.a.yximgs.com/upic/2020/01/22/14/BMjAyMDAxMjIxNDI2MzlfMjAyMjYzOTlfMjIyMjk2NzU5OTBfMV8z_B49050a4aa77cb4dc33b4abd753267ca3.jpg?tag=1-1744983441-xpcwebsearch-0-0y51whbchc-4f30abf5e746cb14&clien,https://v2-zj-scct.kwaicdn.com/upic/2020/01/22/14/BMjAyMDAxMjIxNDI2MzlfMjAyMjYzOTlfMjIyMjk2NzU5OTBfMV8z_b_B2464bf513b5a5584a5f9f5913c2f24f8.mp4?tag=1-1744983441-unknown-0-s8szoyeavx-d1ee61ff8249471c&p,CAT_222,69,36,57666
https://www.kuaishou.com/short-video/3xjck7w4s67a2dg,哪一个是你最喜欢的角色声音,https://p2.a.yximgs.com/upic/2024/05/19/17/BMjAyNDA1MTkxNzA0MzFfOTc0NTQ5MTA1XzEzMjc5MjcxMzkzOF8xXzM=_ccc_B76d5371bbb74586a3f7ec6dc4eda4285.jpg?tag=1-1744982234-xpcwebsearch-0-w66gh5hplz-126333f3bc71a1,https://v2-zj-scct.kwaicdn.com/upic/2024/05/19/17/BMjAyNDA1MTkxNzA0MzFfOTc0NTQ5MTA1XzEzMjc5MjcxMzkzOF8xXzM=_b_B964ab18439248be64a2afb1d21d55fff.mp4?tag=1-1744982234-unknown-0-ohefp0p51s-688557fae2fb32,CAT_222,69,36,53683
https://www.kuaishou.com/short-video/3xekmazcgj77sma,日常英语口语 英语口语练习打卡 英语日常口语 语言学习 零基础学英语,https://picsum.photos/300/80?random,https://www.kuaishou.com/short-video/3xekmazcgj77sma,CAT_222,68,36,48452
https://www.kuaishou.com/short-video/3xjgbdbrnqs77bc,如何正确的做好深蹲 #深蹲,https://p2.a.yximgs.com/upic/2021/12/17/22/BMjAyMTEyMTcyMjE1MDlfMjMwMjc3NDk3MV82Mjk3MDA0NjIyNl8xXzM=_Bd59d44cda64b0f8e67b73dc4cde98a7b.jpg?tag=1-1744983441-xpcwebsearch-0-ehjjectulu-07088e9be383421e&c,https://v2.kwaicdn.com/ksc2/HnUP9z1lWykFrqetZ9p6RGJhSrNXMhL7eIJoUiUSqH-0eLwluZNDxOSNezVAY7d1jFlLDOonZ_8AETxZ5MgArFCUEWTvANbiUyPkG3YA1woASbD38etxQTd2ctJZ-AfrcvcjWWkP3bFlKwALIjZ-zRrcYc1SSFMHbkJJ69H6jgV9,CAT_222,80,35,57663
https://www.kuaishou.com/short-video/3x4sk9a3zttixv6,白鲸吃鱼！,https://picsum.photos/300/80?random,https://www.kuaishou.com/short-video/3x4sk9a3zttixv6,CAT_222,74,35,400
https://www.kuaishou.com/short-video/3xraptzz9br45e4,拧巴的人需要一个赶不走的爱人 #治愈系动画 #情侣日常 #动画,https://p2.a.yximgs.com/upic/2025/01/19/18/BMjAyNTAxMTkxODExMDhfMjgxODU4NjM5MF8xNTQzNzg5NTc2MjRfMV8z_ccc_Bd885d5463e9794b71f7956133a6a40af.jpg?tag=1-1744982193-xpcwebsearch-0-pjq5iwywpj-4ea71ef1126889,https://v1.kwaicdn.com/ksc2/n6Xk1AC7f4O-9HZZjTXTwYym6BakeBm2zMLd5rA9LM1NvTjrJ31Hh5HQBR_dfWLla3tNwwdZhVRJ9vlEmzLZrv_fRd8cAcUgU51urBrjn4ORP8IiLyLuZ8X1EeBt9rNI0AbTaPgV47KtYmcDxo3jUMgIoqYR23bWMdUrvZ4xvIa3,CAT_222,74,35,53530
https://www.kuaishou.com/short-video/3xhg7brpprqjpm6,你练翘臀的深蹲姿势对了吗？正确的深蹲才能有效地臀桥，快点赞收藏练起来吧！#减肥,https://p3.a.yximgs.com/upic/2019/11/26/18/BMjAxOTExMjYxODM1NDlfMTM2OTY3Mjc4XzE5OTA5MjE1NzI0XzFfMw==_B1860ab7b499080df94f662bd3e89df95.jpg?tag=1-1744983438-xpcwebsearch-0-dojfh8slzj-41239490a6408ad2&c,https://v2-zj-scct.kwaicdn.com/upic/2019/11/26/18/BMjAxOTExMjYxODM1NDlfMTM2OTY3Mjc4XzE5OTA5MjE1NzI0XzFfMw==_b_B08b006baa3bf13e94bfe8222ece78e6c.mp4?tag=1-1744983438-unknown-0-mwz4xjy5oo-a3d6e44993617f,CAT_222,69,35,57645
https://www.kuaishou.com/short-video/3xmgpprd3xg7d3i,感情出现裂痕后还可以复原吗 #治愈系动画 #情侣日常 #内容启发分享计划,https://p1.a.yximgs.com/upic/2025/03/18/18/BMjAyNTAzMTgxODAxNTRfMjgxODU4NjM5MF8xNTk1NDcwNTYzMjdfMV8z_ccc_B45b9e81b915e85a74d4cb4d8104ca9f3.jpg?tag=1-1744982200-xpcwebsearch-0-lnfgp8wvyv-287ec598d4f66c,https://v2.kwaicdn.com/ksc2/X2Ubn3lxGgH5VNKYrKy4lK4E1UHB6vDFqXZx84cJuTPvk93tVqxbgKG-Ry9qc94iR34rGHm5NTQXR4DhwXKzQ0HytA8vQ9_erRm21or4x9F1z0Y7iJ6dZpShzNNgMoNOyPtfzl-wPNoMki6Ds88j05CCVPJTiYlXRba0povXIRBY,CAT_222,58,35,53578
https://www.kuaishou.com/short-video/3xfuup89mpwp8sk,@睡前动漫故事(O3xqvbh6ufd5e9ic) 的精彩视频,https://p5.a.yximgs.com/upic/2020/05/17/11/BMjAyMDA1MTcxMTM3MzZfODUxNzM3Njk5XzI4NzEzODc2NTY1XzJfMw==_Bb29196065aa03b73f98767bdebd24147.jpg?tag=1-1744982200-xpcwebsearch-0-bod9ajblgd-95798f1758fcda1f&c,https://v1.kwaicdn.com/ksc2/uYATz48GdVyta6wiE3LPpdpMNddKnW2wfB4HYB8qCJtNQ_pMmVNXe80a-7_hL1FlGu6-eKlCt1raW0mA7rOW3pwjrMkEhDiozmau6uOPZK9roHCRzMTDx_uvvlmCoHL5b7unbDjZe081Dj0Odcp6x6yn0pup2fGBZwMNwHNDrjQR,CAT_222,80,34,53580
https://www.kuaishou.com/short-video/3x83yajmxj96bdq,一些有趣的瞬间📷,https://p1.a.yximgs.com/upic/2025/04/13/18/BMjAyNTA0MTMxODU3MTlfMTc3MzY1ODRfMTYxNjc1MTU1ODIzXzFfMw==_Bb074eae4b9d461529e5e8f9050622bb7.jpg?tag=1-1744604766-xpcwebsearch-0-swbpvw3aov-f3c8ef00584899fc&c,https://v2-zj-scct.kwaicdn.com/upic/2025/04/13/18/BMjAyNTA0MTMxODU3MTlfMTc3MzY1ODRfMTYxNjc1MTU1ODIzXzFfMw==_b_Bda2bd7951ae4135e79b18a5edad73c5a.mp4?tag=1-1744604766-unknown-0-rczg5m0qcd-c64fd2cf0c935e,CAT_222,76,34,8398
https://www.kuaishou.com/short-video/3x8uh33bxcce3im,瘦大腿 宽距深蹲够厉害👍 也可以抱个壶铃！！！负重更难！也更酸爽！！！,https://p1.a.yximgs.com/upic/2024/10/29/21/BMjAyNDEwMjkyMTAzNDFfMTA4MzYzNzY2XzE0NzI4NjA4MDQ4MF8xXzM=_Bf77bb190fd6302a850e1a96397a3e726.jpg?tag=1-1744983441-xpcwebsearch-0-hjjttdvaki-2c494222c6fbda61&c,https://v2-zj-scct.kwaicdn.com/upic/2024/10/29/21/BMjAyNDEwMjkyMTAzNDFfMTA4MzYzNzY2XzE0NzI4NjA4MDQ4MF8xXzM=_b_B565611af4b1348f64b14b16323252836.mp4?tag=1-1744983441-unknown-0-znrieovbiy-e4023c93722632,CAT_222,72,34,57668
https://www.kuaishou.com/short-video/3xwjid3txd9mpg9,深蹲教学,https://p2.a.yximgs.com/upic/2019/07/08/17/BMjAxOTA3MDgxNzI0MDNfMTUwNzU4OTQzXzE0OTM3Mjg3NTcwXzFfMw==_B865824e1ad50a84c5b631ca2b58c117d.jpg?tag=1-1744983441-xpcwebsearch-0-m8xreuhuyo-dcb315994fd9a156&c,https://v2-zj-scct.kwaicdn.com/upic/2019/07/08/17/BMjAxOTA3MDgxNzI0MDNfMTUwNzU4OTQzXzE0OTM3Mjg3NTcwXzFfMw==_b_B54ef98d43a3da9f5247504092739c574.mp4?tag=1-1744983441-unknown-0-nhgipbfu53-ea9c2f17ae3426,CAT_222,72,34,57670
https://www.kuaishou.com/short-video/3x5z8jf3kci9ztm,不唱改跳了,https://p2.a.yximgs.com/upic/2025/04/12/20/BMjAyNTA0MTIyMDQxNDZfODY5MzczMjQ0XzE2MTU4NTM2NzczMl8yXzM=_B813f62aa20e5a00f05ede1bf5d5c1402.jpg?tag=1-1744604766-xpcwebsearch-0-hogambphfz-16e1ec7c3e04413b&c,https://v2-zj-scct.kwaicdn.com/upic/2025/04/12/20/BMjAyNTA0MTIyMDQxNDZfODY5MzczMjQ0XzE2MTU4NTM2NzczMl8yXzM=_b_B24fb877a8567562019dfae27c23c790a.mp4?tag=1-1744604766-unknown-0-hwzigbaozl-201ea77b7392ec,CAT_222,68,34,8404
https://www.kuaishou.com/short-video/3xa999fbrifvgt2,最近被这土嗨土嗨的神曲洗脑了😂来！左边跟我一起……,https://p4.a.yximgs.com/upic/2019/09/13/19/BMjAxOTA5MTMxOTQxNDBfMjA0MjcyNjQzXzE3NDM5Nzk5ODMyXzFfMw==_Bc08cc162291e8fbebb3215f4fdb92ecd.jpg?tag=1-1744604760-xpcwebsearch-0-cveil1iqts-72227b85dedceb4c&c,https://v2-zj-scct.kwaicdn.com/upic/2019/09/13/19/BMjAxOTA5MTMxOTQxNDBfMjA0MjcyNjQzXzE3NDM5Nzk5ODMyXzFfMw==_b_B77ec8b71a34205f1bc5b463520426598.mp4?tag=1-1744604760-unknown-0-ows2h2wu2j-671e3ea7b2fe1a,CAT_222,72,33,8362
https://www.kuaishou.com/short-video/3xuf48z2dgep9iq,唱跳 唱跳,https://p2.a.yximgs.com/upic/2025/04/12/13/BMjAyNTA0MTIxMzQxNTBfOTA1MzQ5NTI5XzE2MTUzOTU4MDc3OF8xXzM=_Bb0ce3015915376856ea46c8ac15e8625.jpg?tag=1-1744604760-xpcwebsearch-0-xkcqqsh12s-3622865a82ae6630&c,https://v2-zj-scct.kwaicdn.com/upic/2025/04/12/13/BMjAyNTA0MTIxMzQxNTBfOTA1MzQ5NTI5XzE2MTUzOTU4MDc3OF8xXzM=_b_Bf03842decfce5623473e38f4a4f9e033.mp4?tag=1-1744604760-unknown-0-1a22vrlqe2-cbcf740058c7d3,CAT_222,72,33,8369
https://www.kuaishou.com/short-video/3xawy4qmepb64hw,四舍五入我也是个唱跳博主了,https://p2.a.yximgs.com/upic/2020/03/15/18/BMjAyMDAzMTUxODA0MjFfMTYwNzg2NV8yNTAwNzY4NjQyN18xXzM=_B0e9d4a8a696dfc654eb90d94347b3005.jpg?tag=1-1744604766-xpcwebsearch-0-z9xnnmo2qw-87a48d595b05dcc9&clien,https://v2-zj-scct.kwaicdn.com/upic/2020/03/15/18/BMjAyMDAzMTUxODA0MjFfMTYwNzg2NV8yNTAwNzY4NjQyN18xXzM=_b_B997612f9e71d132ff307569dc7499e3e.mp4?tag=1-1744604766-unknown-0-qdnpuj0al4-c8e30c48363993c2&p,CAT_222,71,33,8397
https://www.kuaishou.com/short-video/3xiz5t34whmbj2k,@红寺堡婉居软装(O3xhhjefkwte7sus) 的精彩视频,https://picsum.photos/300/80?random,https://www.kuaishou.com/short-video/3xiz5t34whmbj2k,CAT_222,71,33,48593
https://www.kuaishou.com/short-video/3xmqaqgdpbxgud9,如何练习深蹲 这几个动作要领你记住了吗？ #健身,https://p1.a.yximgs.com/upic/2019/12/12/11/BMjAxOTEyMTIxMTQ3MDlfMTYxNjM2NjU1NV8yMDQyNDY3NjM3NV8yXzM=_B16607a17558210829eef5119c27c93cc.jpg?tag=1-1744983441-xpcwebsearch-0-rceypsdjzy-7d07e82fc5de2012&c,https://v2-zj-scct.kwaicdn.com/upic/2019/12/12/11/BMjAxOTEyMTIxMTQ3MDlfMTYxNjM2NjU1NV8yMDQyNDY3NjM3NV8yXzM=_b_B084f9e2ac83fce7353c31bc56e26148a.mp4?tag=1-1744983441-unknown-0-frtgedubyk-a0859e59cd1678,CAT_222,60,33,57664
https://www.kuaishou.com/short-video/3xnf42ar3henr5u,水下拍摄 海底世界 海洋生物 鲨鱼,https://picsum.photos/300/80?random,https://www.kuaishou.com/short-video/3xnf42ar3henr5u,CAT_222,83,32,360
https://www.kuaishou.com/short-video/3x737b545vs5nck,同城好店推荐 四平电器 家电补贴 职场变迁 超实惠,https://picsum.photos/300/80?random,https://www.kuaishou.com/short-video/3x737b545vs5nck,CAT_222,78,32,2340
https://www.kuaishou.com/short-video/3xwmtz5bh4uuk89,熬过了异地恋 就是一辈子#以爱之名你还愿意吗#情侣日常#治愈系动画,https://p2.a.yximgs.com/upic/2024/10/18/13/BMjAyNDEwMTgxMzA1NTJfNDEyOTEyNjU4NF8xNDYzNDUwMzAzNjJfMF8z_Bfff59d4ca0c1a555623c2f35a024b452.jpg?tag=1-1744982095-xpcwebsearch-0-kxzzokn3ab-63336315dc5c002e&c,https://v2-zj-scct.kwaicdn.com/upic/2024/10/18/13/BMjAyNDEwMTgxMzA1NTJfNDEyOTEyNjU4NF8xNDYzNDUwMzAzNjJfMF8z_b_Bfa94eaedb03332a0ac1422c428914bd8.mp4?tag=1-1744982095-unknown-0-o8kgkzwlr6-d218a76aef5334,CAT_222,77,32,53171
https://www.kuaishou.com/short-video/3xcdnaa5w6hji6y,婉居软装 我们家的婚庆款高端私人定制绝,https://picsum.photos/300/80?random,https://www.kuaishou.com/short-video/3xcdnaa5w6hji6y,CAT_222,70,32,48619
https://www.kuaishou.com/short-video/3xcfxq5qur6e99q,情侣之间频繁亲嘴的“后果”#治愈系动画 #情侣日常 #动画,https://p2.a.yximgs.com/upic/2025/02/04/18/BMjAyNTAyMDQxODE5MDNfMjgxODU4NjM5MF8xNTU5NTQ0MDUzODNfMV8z_ccc_Bcdd724d7ec0a66abe3e173e9f87a70fd.jpg?tag=1-1744982098-xpcwebsearch-0-pgwmxr1iw6-c08e6d910d5106,https://v2.kwaicdn.com/ksc2/R6Or52wckmvYdUg_zxNDqmGiDRIiA0Tc2Xgu2MdqlDrfy6sd6j0odMPwM3D4mZEJj9jeOqJgWKzmj10AF_JhyKXjfY84raEibN7pZhejLkfWaFtyMK7YI9eLblM071mrrJq4CuPdDJjya6-VF5fJSBeZcCXTmkZ2ig7UTJ9Lcng7,CAT_222,70,32,53187
https://www.kuaishou.com/short-video/3xjz9vrd4acdwum,深蹲，深蹲跳 标准做法和训练方法,https://p4.a.yximgs.com/upic/2021/10/11/18/BMjAyMTEwMTExODU2MTJfNTQxODgwNzQ1XzU4ODgwNDkwNzk4XzFfMw==_B23e51e9dcd7803ab59491c85c687cec4.jpg?tag=1-1744983441-xpcwebsearch-0-sodtvllmey-48d206bfed5e7426&c,https://v2-zj-scct.kwaicdn.com/upic/2021/10/11/18/BMjAyMTEwMTExODU2MTJfNTQxODgwNzQ1XzU4ODgwNDkwNzk4XzFfMw==_b_B846cd8dece00594c459b2caf692043c4.mp4?tag=1-1744983441-unknown-0-yjodicfsyx-1ccafc4e46d889,CAT_222,69,32,57661
https://www.kuaishou.com/short-video/3xqvcdizicgzhds,宫崎骏笔下的动漫，很治愈。,https://p1.a.yximgs.com/upic/2025/02/23/23/BMjAyNTAyMjMyMzMzMzlfMTQyOTQ1MjI4NF8xNTc3MTcwMTkxNzhfMV8z_B044edcf313ebcf3226dcb40c4551676d.jpg?tag=1-1744982193-xpcwebsearch-0-f9egaztnpu-42098fc3b4a89ed3&c,https://v1.kwaicdn.com/ksc2/ylgMPOmWH7QUjTjA1OFQoj9YJ6iXeme9mUYG0788FGJSnW_bft7diNLmnP_Cix-L2po19v4Pouy3FAV6jcGdxJBaNPYv5OeMp7PCtogGrdSpvaDte4z7RgnSlR6DtN64BP4LZDAnbKa4iVp3jXsGWhXO7CwXrLmi_2Xbf9Uss1TF,CAT_222,67,32,53527
https://www.kuaishou.com/short-video/3xewftwiqkrw8mm,觉得像谁就艾特谁吧 #情侣日常 #治愈系动画,https://p3.a.yximgs.com/upic/2024/01/18/12/BMjAyNDAxMTgxMjA2MTRfMzg3MDM3MjI2NV8xMjIzOTAwNTA3MzlfMl8z_Bb136448ec76333a69a71e0014ae2281f.jpg?tag=1-1744982193-xpcwebsearch-0-mfxeg06hsf-69533492af12727f&c,https://v2.kwaicdn.com/ksc2/dbyiDbH1g6O6TaLVy2VSylOzyD8goUwdQ47QKmYU1VAzOJrYic64_sse0JPEdCYiJP4VeGSi58SX8E7SgMcIQccvSfVJ4twkxLOOCT5KXpOgTUWDtJo2EMIaYEMq8IcVDWWW8TYB-eTPXFwt_QMbnK0wiXJAvWGB6RNezmgwZes5,CAT_222,66,32,53539
https://www.kuaishou.com/short-video/3xq7hpsjbk72dii,#旅行中的风景 #旅途中的我 #我的旅行故事 #我们公司旅行可以不,https://p1.a.yximgs.com/upic/2025/04/13/09/BMjAyNTA0MTMwOTE2NDlfMTI5Njk4MTgwOF8xNjE2MjIzOTMzNjJfMl8z_B1a6aefc6ec2b97dad1aefb6a8a89a5f0.jpg?tag=1-1744708205-xpcwebsearch-0-fiugh8ikj0-bcdd491f410a2de4&c,https://v2-zj-scct.kwaicdn.com/upic/2025/04/13/09/BMjAyNTA0MTMwOTE2NDlfMTI5Njk4MTgwOF8xNjE2MjIzOTMzNjJfMl8z_b_B0daf0d0431c472dc87907d17d76a7eaa.mp4?tag=1-1744708205-unknown-0-kvljdggeqz-9b5188b814bebd,CAT_222,64,32,32945
https://www.kuaishou.com/short-video/3xf4tb43wqv2j5u,为新家添置的每一件单品都是我精心挑选的，装修新家耗尽了我所有的心思，在自己能力范围之内想把所有喜欢的东西都买回来放在我的新家，或许这是对理想生活的一种期待。,https://picsum.photos/300/80?random,https://www.kuaishou.com/short-video/3xf4tb43wqv2j5u,CAT_222,61,32,48599
https://www.kuaishou.com/short-video/3x2ssjfarwveyrq,宇智波鼬的声优石川英郎本色出演，他真的 我哭死 @ㅤqi(O3xpb8442swnyade),https://p2.a.yximgs.com/upic/2023/11/04/09/BMjAyMzExMDQwOTQxNTRfMjgxMzQyMTM4NV8xMTY0MDk0OTM5MDFfMl8z_B64511693fa142fe0eb2957df15ec3eb0.jpg?tag=1-1744982234-xpcwebsearch-0-qnqdzk5e8z-6f211955c9477583&c,https://v2-zj-scct.kwaicdn.com/upic/2023/11/04/09/BMjAyMzExMDQwOTQxNTRfMjgxMzQyMTM4NV8xMTY0MDk0OTM5MDFfMl8z_b_Bbb13eae2721bb1aa70f46c68c84fad18.mp4?tag=1-1744982234-unknown-0-h8hyodgzqh-ca3d3f9269204c,CAT_222,72,31,53680
https://www.kuaishou.com/short-video/3xdyq4au2wf64rs,@贞青春有你(O3x6e9bsyg92zf3e) 的精彩视频,https://p2.a.yximgs.com/upic/2025/04/12/15/BMjAyNTA0MTIxNTExMDhfNDQ1MjA2NTcwOF8xNjE1NDkxOTY0MjBfMF8z_Bad181bf8a0ef8dda1a74c5d81b576b03.jpg?tag=1-1744604760-xpcwebsearch-0-mm5cv5lcjj-d1480551c0bebf56&c,https://v2-zj-scct.kwaicdn.com/upic/2025/04/12/15/BMjAyNTA0MTIxNTExMDhfNDQ1MjA2NTcwOF8xNjE1NDkxOTY0MjBfMF8z_b_B7012da3f0adea5a8a700026e45c98e84.mp4?tag=1-1744604760-unknown-0-pmhioobmke-1be51cd585d232,CAT_222,69,31,8372
https://www.kuaishou.com/short-video/3xd749ir37wcug9,熬过异地恋，就是一辈子。#治愈系动画 #情侣日常 #异地恋 #熬过异地恋就是一辈子,https://p5.a.yximgs.com/upic/2025/02/23/22/BMjAyNTAyMjMyMjM0MTZfNDMxNzQ0ODE1XzE1NzcxMzgxNjc0Ml8xXzM=_B233ec1733ab0a39e7cc60446ed2f9d93.jpg?tag=1-1744705597-xpcwebsearch-0-xtcv3fdgng-cc37ec705bc38172&c,https://k0u70y5bya0ydzw2408x8656x82fexf001xxdz.djvod.ndcimgs.com/upic/2025/02/23/22/BMjAyNTAyMjMyMjM0MTZfNDMxNzQ0ODE1XzE1NzcxMzgxNjc0Ml8xXzM=_b_Bc361206e8bc5a1804be91ab859fadf24.mp4?tag=1-1744705597-u,CAT_222,68,31,24987
https://www.kuaishou.com/short-video/3xfda232q98ik2e,后面直接唱错了😓,https://p3.a.yximgs.com/upic/2025/04/13/22/BMjAyNTA0MTMyMjUzMDdfMTc3Nzk5ODE1OV8xNjE2OTc2Nzc1NDZfMl8z_ccc_Bd9090c71b72927b112a280afe1b8d5cb.jpg?tag=1-1744604763-xpcwebsearch-0-pfosb4jrqy-6572e2e3961291,https://v2-zj-scct.kwaicdn.com/upic/2025/04/13/22/BMjAyNTA0MTMyMjUzMDdfMTc3Nzk5ODE1OV8xNjE2OTc2Nzc1NDZfMl8z_b_B60db71254896399c32956a6897b90194.mp4?tag=1-1744604763-unknown-0-napogvseni-11f7e5a5f7d4a0,CAT_222,62,31,8392
https://www.kuaishou.com/short-video/3xsmq454fh53r86,自编自跳 小哥真行,https://p1.a.yximgs.com/upic/2025/04/12/20/BMjAyNTA0MTIyMDQ5NDJfNDEwNDYxODkzXzE2MTU4NjMzOTcwM18yXzM=_Ba2b60c5c0dce0e67249cfb8cf95de989.jpg?tag=1-1744604763-xpcwebsearch-0-lfzwsa6axc-360a146b4b8cf301&c,https://v2-zj-scct.kwaicdn.com/upic/2025/04/12/20/BMjAyNTA0MTIyMDQ5NDJfNDEwNDYxODkzXzE2MTU4NjMzOTcwM18yXzM=_b_Bec3e2237a35d78f0bc9d2d037f1be414.mp4?tag=1-1744604763-unknown-0-uvyskzvkde-6ede728b4c99b2,CAT_222,62,31,8391
https://www.kuaishou.com/short-video/3xk76n6rn8dwkt4,一年四季常绿，而且很好养，浇浇水就可以,https://picsum.photos/300/80?random,https://www.kuaishou.com/short-video/3xk76n6rn8dwkt4,CAT_222,76,30,46368
https://www.kuaishou.com/short-video/3x6b3uxtce8fr5i,深蹲，健身必练的一个动作，当之无愧的动作之王，你做对了吗？,https://p2.a.yximgs.com/upic/2019/05/15/11/BMjAxOTA1MTUxMTUwNTNfMTMzMjg5ODEyN18xMzA4MDI0NjkzMV8xXzM=_B89b1c33cc464beacc3748814778393c8.jpg?tag=1-1744983438-xpcwebsearch-0-maxbqkcpcy-60e01fb13dd75b39&c,https://v2-zj-scct.kwaicdn.com/upic/2019/05/15/11/BMjAxOTA1MTUxMTUwNTNfMTMzMjg5ODEyN18xMzA4MDI0NjkzMV8xXzM=_b_B2c4827430bf90d9ecaa23ca16bd14957.mp4?tag=1-1744983438-unknown-0-2uciol8m06-c2ba78dbe844eb,CAT_222,69,30,57650
https://www.kuaishou.com/short-video/3xdma9p36rayaai,那边的朋友 让我听到你们的声音！,https://p2.a.yximgs.com/upic/2019/09/21/18/BMjAxOTA5MjExODEyMjhfMzY1NzgyOV8xNzcwNzk4MjY5NF8xXzM=_Ba6d8a59e8421278458d37a5a8ac68fc9.jpg?tag=1-1744604766-xpcwebsearch-0-kwsifufk5m-1082cfcdcf92e5f6&clien,https://v2-zj-scct.kwaicdn.com/upic/2019/09/21/18/BMjAxOTA5MjExODEyMjhfMzY1NzgyOV8xNzcwNzk4MjY5NF8xXzM=_b_Bab9db6105fd6193d3d206146f0c4e950.mp4?tag=1-1744604766-unknown-0-ipkzi9xef6-3d91465b7db6f08f&p,CAT_222,63,30,8401
https://www.kuaishou.com/short-video/3xcsht2j7qwd5mk,“我想你了”=你在身边就好了 #治愈系动画 #情侣日常 #动画,https://p1.a.yximgs.com/upic/2025/03/03/19/BMjAyNTAzMDMxOTA3MDdfMjgxODU4NjM5MF8xNTgzNDc2MTI0MzVfMV8z_B8601816474fa159bea756b0159ff7e17.jpg?tag=1-1744982197-xpcwebsearch-0-m0am5jlhri-47b1c62382ce50a2&c,https://v2.kwaicdn.com/ksc2/zpv563GCbRD97KyG7h28RiUsFjn__EA-07XfBz58GzJBSo-Ze6MAUF8u7E8MGuWSdh-wiJKO4iN6uJNKhQlamqJ3j2EOi9vn4oFQBwY2YirK5jO9gE5p0MaM-w7mc7zU2fOS9BZlWm1bX0ebOXiWDi3oe4iWh3hk4BsDAp6-t9ls,CAT_222,72,29,53557
https://www.kuaishou.com/short-video/3xfbztj9sdx8e5g,学了半个月的舞，拿出来不丢人吧,https://p1.a.yximgs.com/upic/2019/10/24/19/BMjAxOTEwMjQxOTU2NTNfOTgxMzAwMjdfMTg4MzYzNTMwNzhfMV8z_Bfa2703b990ced81ea285ba4b30fb66d6.jpg?tag=1-1744604760-xpcwebsearch-0-564uzazite-3b1d0dce17f3b0ba&clien,https://v2-zj-scct.kwaicdn.com/upic/2019/10/24/19/BMjAxOTEwMjQxOTU2NTNfOTgxMzAwMjdfMTg4MzYzNTMwNzhfMV8z_b_B24fbfb407d5d9dbe277a31f37ea19d3a.mp4?tag=1-1744604760-unknown-0-0jmz6ymche-06dc07648c78a009&p,CAT_222,71,29,8359
https://www.kuaishou.com/short-video/3xcehafakijxhea,#侵袭式回忆 多抱抱你的男友吧 #情侣日常 #治愈系动画 #内容过于真实,https://p5.a.yximgs.com/upic/2025/03/21/23/BMjAyNTAzMjEyMzU5NTdfMjg1NTkzODUyNF8xNTk3ODY0NDE5MzJfMV8z_B99e49597c7a6670bdab5c0c02c5abc37.jpg?tag=1-1744982197-xpcwebsearch-0-popvckwzic-7a60d80dbb239326&c,https://v2.kwaicdn.com/ksc2/BHHN6yMJ6y2ZBAc6oAnFWBy2R-C2WaecAM-xCDylp8mYAP9sU8vbkj0QBnGYS3XYzYqsQbw7PUZTR5gK41sK7IKcK1BVnaIlz9gIq9QtD5gmOdGwBYxiaqH2g76Iqwbe3dn0d4CnwI9dxbjudJMVBMhhr3E0A_AA4m7enGJQ-C9g,CAT_222,69,29,53547
https://www.kuaishou.com/short-video/3xaqrebcj72eh7k,@海鸟短剧(O3xqwmsgy7tyevjc) 的精彩视频,https://p1.a.yximgs.com/upic/2025/04/14/10/BMjAyNTA0MTQxMDIyMzJfNDA1NzkwMTQ0NF8xNjE3MjA2ODgxMTJfMF8z_Baad444de458de37dc5171b55fa0415e8.jpg?tag=1-1744604760-xpcwebsearch-0-qgo6dosygb-a4ca22de5789b0a3&c,https://v2-zj-scct.kwaicdn.com/upic/2025/04/14/10/BMjAyNTA0MTQxMDIyMzJfNDA1NzkwMTQ0NF8xNjE3MjA2ODgxMTJfMF8z_b_B594c365c8bdb5776c2b07848f171e2f2.mp4?tag=1-1744604760-unknown-0-xqkdiiu4lc-47e8ac6028246b,CAT_222,68,29,8371
https://www.kuaishou.com/short-video/3xb6tdt9gq27nms,#旅途中的我 #旅行中的风景 #我的旅行故事 #出来放风,https://p2.a.yximgs.com/upic/2025/04/10/17/BMjAyNTA0MTAxNzQ3MTRfNDE0MDM2MzI2XzE2MTM4OTUyMzQxM18yXzM=_B5c22fc4723d46beba1e800d611dc4c7b.jpg?tag=1-1744708209-xpcwebsearch-0-urmsg5wffd-c81dd78aa28ea823&c,https://v2-zj-scct.kwaicdn.com/upic/2025/04/10/17/BMjAyNTA0MTAxNzQ3MTRfNDE0MDM2MzI2XzE2MTM4OTUyMzQxM18yXzM=_b_B28ec1de5e615875880ea5101076e83ba.mp4?tag=1-1744708209-unknown-0-npn8b7sjcu-85714e9cd11a3b,CAT_222,60,29,32978
https://www.kuaishou.com/short-video/3xrxhbwt3fnu8yq,日常英语口语 英语口语练习打卡 英语日常口语 语言学习 零基础学英语,https://picsum.photos/300/80?random,https://www.kuaishou.com/short-video/3xrxhbwt3fnu8yq,CAT_222,71,28,48446
https://www.kuaishou.com/short-video/3xx3nstx9a99qe4,选择题万能通用口诀！让考试超简单！轻松拿高分～,https://picsum.photos/300/80?random,https://www.kuaishou.com/short-video/3xx3nstx9a99qe4,CAT_222,65,28,62775
https://www.kuaishou.com/short-video/3xugxqw2nyary7u,英语口语练习 英语听力 英语日常口语 语言学习 零基础学英语,https://picsum.photos/300/80?random,https://www.kuaishou.com/short-video/3xugxqw2nyary7u,CAT_222,58,28,48455
https://www.kuaishou.com/short-video/3xdcpkigm4t5i2k,@红寺堡婉居软装(O3xhhjefkwte7sus) 的精彩视频,https://picsum.photos/300/80?random,https://www.kuaishou.com/short-video/3xdcpkigm4t5i2k,CAT_222,64,27,48604
https://www.kuaishou.com/short-video/3xqf935xtxi346u,香薰,https://picsum.photos/300/80?random,https://www.kuaishou.com/short-video/3xqf935xtxi346u,CAT_222,64,27,48592
https://www.kuaishou.com/short-video/3xgq3nkyzfp6pqw,日常英语口语 英语日常口语 语言学习 零基础学英语,https://picsum.photos/300/80?random,https://www.kuaishou.com/short-video/3xgq3nkyzfp6pqw,CAT_222,67,26,48448
https://www.kuaishou.com/short-video/3xtjdgn5f8wb9eq,宿舍唱跳版恋爱告急来啦，哈哈 #鞠婧祎恋爱告急,https://p4.a.yximgs.com/upic/2023/03/12/14/BMjAyMzAzMTIxNDAxMzRfMTEyMTUyMTM0OF85ODA1NTIwNTQ5Ml8xXzM=_B2d200bceb20d030d731dd8bb64cb99c1.jpg?tag=1-1744604763-xpcwebsearch-0-1nbk7aaxng-4ff8609bfd304c63&c,https://v2-zj-scct.kwaicdn.com/upic/2023/03/12/14/BMjAyMzAzMTIxNDAxMzRfMTEyMTUyMTM0OF85ODA1NTIwNTQ5Ml8xXzM=_b_B1d7400452cc9947c4ffb73ab53f9fe09.mp4?tag=1-1744604763-unknown-0-yo9f40bawo-64a7777a384a84,CAT_222,66,26,8385
https://www.kuaishou.com/short-video/3xi4myzcks5apzg,初高中学习资料分享 学霸秘籍 高分秘籍,https://picsum.photos/300/80?random,https://www.kuaishou.com/short-video/3xi4myzcks5apzg,CAT_222,64,26,19229
https://www.kuaishou.com/short-video/3xf6fsy5xx9qwp2,#配音 #鬼灭之刃 #动漫 @快手粉条(O3xhcy6vhfzcu3qe) @快手热点(O3xddgkd5fav5if9) @快手用户1733684182531(O3x8tieq2gk9hk2y) 鬼灭合集来了！,https://p1.a.yximgs.com/upic/2024/07/10/10/BMjAyNDA3MTAxMDUzMDNfNTQ3NzE0NjgxXzEzNzI3MTAxNzk0N18xXzM=_B3922f0978d80fc2aef1af37de964da96.jpg?tag=1-1744982234-xpcwebsearch-0-8hfqcunymm-c159be6b6b907087&c,https://v2-zj-scct.kwaicdn.com/upic/2024/07/10/10/BMjAyNDA3MTAxMDUzMDNfNTQ3NzE0NjgxXzEzNzI3MTAxNzk0N18xXzM=_b_Bf79cf3025f626adc3b9e559272843ce8.mp4?tag=1-1744982234-unknown-0-jdydmuvkvl-c4d8eaf8772c4b,CAT_222,69,25,53681
https://www.kuaishou.com/short-video/3xeyamtcnbwzu7g,#旅途中的我 #我的旅行故事 #旅行中的风景,https://p1.a.yximgs.com/upic/2025/02/02/09/BMjAyNTAyMDIwOTQxNTdfMTQwNDcyNjM1OV8xNTU3MTgwMzU4MDFfMl8z_B8ae7d90041e2ef13677dd7bd5ae43e07.jpg?tag=1-1744708209-xpcwebsearch-0-pms6l6gisn-9b62b972f6e55934&c,https://v2-zj-scct.kwaicdn.com/upic/2025/02/02/09/BMjAyNTAyMDIwOTQxNTdfMTQwNDcyNjM1OV8xNTU3MTgwMzU4MDFfMl8z_b_B3157e2eccd5fa8080c383f6997d1dbcd.mp4?tag=1-1744708209-unknown-0-jht7qsg2zh-98fa4c23431174,CAT_222,66,25,32968
https://www.kuaishou.com/short-video/3xgxathughhjgce,#旅途中的我 #我的旅行故事 #旅行中的风景,https://p5.a.yximgs.com/upic/2025/04/13/07/BMjAyNTA0MTMwNzQ3NDhfODAyMTYxNzMxXzE2MTYxNzEwNzEyMV8yXzM=_Bf906746386a9c5df34c6133a7bf3d988.jpg?tag=1-1744708209-xpcwebsearch-0-nnif1eviaw-094c06fb953e2b3d&c,https://v2-zj-scct.kwaicdn.com/upic/2025/04/13/07/BMjAyNTA0MTMwNzQ3NDhfODAyMTYxNzMxXzE2MTYxNzEwNzEyMV8yXzM=_b_B480694113e9097b4d83e09adc326c8b6.mp4?tag=1-1744708209-unknown-0-gx34yalzuj-76cd8ebb2b44a8,CAT_222,63,24,32965
https://www.kuaishou.com/short-video/3xsp65c7f6fy5wy,我爱发明之《逆天科技top5》！ #离谱 #搞笑 #我爱发明 #一口气看完,https://p2.a.yximgs.com/upic/2025/01/20/16/BMjAyNTAxMjAxNjIxMDFfMjg3MTI4OTkyNV8xNTQ0NjQ5NzkwNTBfMF8z_Bde04f99864de2928042be9b75a231d00.jpg?tag=1-1744985070-xpcwebsearch-0-pfdzde7mgt-afe96a48a5f21788&c,https://v1.kwaicdn.com/ksc2/64mUhpHb-AZ6yREJGjRX_wxbkSOcu9AsnLA-Ki0I-IUvfWuLb-HXTcz0NFQxYZjfUfGTYXmG_lbHGWktY0GXGAGuxSpcLZE_QVNRJXCqg5Tm34QQ_E4qxgyRqoTeeS45MGmlYYuWU3qp37Xj3Clh4R9fpMZ4aoOH7fv5YDl-Be1c,CAT_215,30,21,62388
https://www.kuaishou.com/short-video/3xbn8vnpygmdgbu,🌱春耕启航·播种希望 🌞夏耘深耕·高效工作 🍂秋收硕果·升职加薪 ❄️冬藏蓄力·工作顺心生活美满 四季耕耘，成长加速！ 加入我们，让学习有「季」可循！,https://picsum.photos/300/80?random,https://www.kuaishou.com/short-video/3xbn8vnpygmdgbu,CAT_066,25,21,1845
https://www.kuaishou.com/short-video/3x8srqdiuzjpw6w,“只有狗狗不在乎你在外面混的好或坏，当它见到你的时候，开心的像个孩子” #可爱狗 #修勾 #久别重逢,https://p4.a.yximgs.com/upic/2025/01/07/08/BMjAyNTAxMDcwODA4MDZfMTE4MjIzMjFfMTUzMjcxMzM4OTM0XzJfMw==_B5845f223b09f30056946b0adad142cf5.jpg?tag=1-1744709113-xpcwebsearch-0-katndc5w9i-89f15b79315ac29c&c,https://v2-zj-scct.kwaicdn.com/upic/2025/01/07/08/BMjAyNTAxMDcwODA4MDZfMTE4MjIzMjFfMTUzMjcxMzM4OTM0XzJfMw==_b_Bee5cb7ecfd780fcb97d2328a7fa503b7.mp4?tag=1-1744709113-unknown-0-qxwlat5dwv-b0bb3cdacc0c07,CAT_153,35,20,35783
https://www.kuaishou.com/short-video/3x9a682fbr37xpm,新手也能零失败，法式硬欧轻松搞定 #太原烘焙培训 #教学员技术配方毫无保留 #烘焙培训,https://p5.a.yximgs.com/upic/2025/03/19/22/BMjAyNTAzMTkyMjMyNDlfOTc4MDgyMTAxXzE1OTYzNTMwOTcwOV8yXzM=_B562718972581f9ddee42bae17e6354c3.jpg?tag=1-1744602063-xpcwebsearch-0-4dwlyajq9y-3dbd06247bade7ae&c,https://v2-zj-scct.kwaicdn.com/upic/2025/03/19/22/BMjAyNTAzMTkyMjMyNDlfOTc4MDgyMTAxXzE1OTYzNTMwOTcwOV8yXzM=_b_B3e4d3cefcd8c3791fb65443e0abd4028.mp4?tag=1-1744602063-unknown-0-kdyw2jrhnf-17c0d3234996af,CAT_184,33,20,16033
https://www.kuaishou.com/short-video/3xrub5xvib3k89q,是龙你就盘着，是虎你就卧着，做事低调，活的心安。#快手小剧场 #天天拍好剧#快手短剧冷启大赏,https://p1.a.yximgs.com/upic/2023/06/21/13/BMjAyMzA2MjExMzQ0MTFfMzUwMTQ0OTcwN18xMDYwNTQyMDUyMjNfMF8z_Bba2b7bd5e5560d7f801aacd5574c5942.jpg?tag=1-1744603526-xpcwebsearch-0-xbk8hnngzh-5de61527f179020c&c,https://v2-zj-scct.kwaicdn.com/upic/2023/06/21/13/BMjAyMzA2MjExMzQ0MTFfMzUwMTQ0OTcwN18xMDYwNTQyMDUyMjNfMF8z_b_B54eb5cb86e24bbd98a626a034ac46d0a.mp4?tag=1-1744603526-unknown-0-dpm8hsvjnz-1e9fc8a7df8d7a,CAT_165,33,20,13356
https://www.kuaishou.com/short-video/3xv7723dwkdr25k,#真实还原系列 琪燕妈妈又出来嘚瑟了,https://p5.a.yximgs.com/upic/2024/04/01/19/BMjAyNDA0MDExOTIxMjFfMTc0NjA0NjA0M18xMjg3NTAyNjM3MDBfMV8z_Bd0e87855a84a0c27566331b5a2b96261.jpg?tag=1-1744603952-xpcwebsearch-0-cnysekha8g-d8575e7929b966ef&c,https://v2-zj-scct.kwaicdn.com/upic/2024/04/01/19/BMjAyNDA0MDExOTIxMjFfMTc0NjA0NjA0M18xMjg3NTAyNjM3MDBfMV8z_b_B8691ec8ea2a6d893976e57e90e512400.mp4?tag=1-1744603952-unknown-0-ndzbrbvfrd-ff6ed30d55fc29,CAT_070,33,20,9408
https://www.kuaishou.com/short-video/3xdnnutapc2znn6,告别死记硬背！历史高效四步法,https://picsum.photos/300/80?random,https://www.kuaishou.com/short-video/3xdnnutapc2znn6,CAT_127,31,20,58514
https://www.kuaishou.com/short-video/3xc9eiyqmg7yq3q,第一次如何面试瑞幸的兼职,https://picsum.photos/300/80?random,https://www.kuaishou.com/short-video/3xc9eiyqmg7yq3q,CAT_104,30,20,17319
https://www.kuaishou.com/short-video/3xs9chy4xb6r23e,#搞笑配音 #快成长计划,https://p1.a.yximgs.com/upic/2025/04/14/06/BMjAyNTA0MTQwNjQzNDNfMTg0NjU3NjgyMl8xNjE3MTExNzQ3MzRfMl8z_B6c06e44b39044d4afcb0ff0bd6a0b3ac.jpg?tag=1-1744703105-xpcwebsearch-0-dmktpfzkrk-9889558ff12d9aa1&c,https://v2-zj-scct.kwaicdn.com/upic/2025/04/14/06/BMjAyNTA0MTQwNjQzNDNfMTg0NjU3NjgyMl8xNjE3MTExNzQ3MzRfMl8z_b_B1b776eff6eb391d0358394f326a5c255.mp4?tag=1-1744703105-unknown-0-tbgoci0hwq-ded5fbb059f40e,CAT_092,30,20,34414
https://www.kuaishou.com/short-video/3xw4n246feu6u3s,“我突然发现，我好像没什么朋友，也没有很爱我的人，突然笑自己，怎么会这么孤独，明明我以前是，那么爱玩的人啊，现在怎么就我自己了呢” #情感 #手机摄影 #热文案,https://p1.a.yximgs.com/upic/2022/03/30/21/BMjAyMjAzMzAyMTMxNTlfMjM5MjM0NTUxMl83MDgzNDQyNDkxMl8yXzM=_B07213038ec5ffa84e0de8ab2d8ecc5fa.jpg?tag=1-1744706382-xpcwebsearch-0-mcrpm2l2qo-5f4e7a45e956200c&c,https://k0u70y5bya0yfzw2408x8656x82fexf001xxfz.djvod.ndcimgs.com/upic/2022/03/30/21/BMjAyMjAzMzAyMTMxNTlfMjM5MjM0NTUxMl83MDgzNDQyNDkxMl8yXzM=_b_B7e97ccef71b0166b08d7549bad9ed040.mp4?tag=1-1744706382-u,CAT_220,28,20,26663
https://www.kuaishou.com/short-video/3xgtz6i3c4jzjag,第73集 - 你不知道的大疆无人机“禁飞区”！,https://picsum.photos/300/80?random,https://www.kuaishou.com/short-video/3xgtz6i3c4jzjag,CAT_151,27,20,44732
https://www.kuaishou.com/short-video/3x9ks5xvpz9yxgc,猫咪怎么养才听话黏人 喵星人,https://picsum.photos/300/80?random,https://www.kuaishou.com/short-video/3x9ks5xvpz9yxgc,CAT_071,25,20,46097
https://www.kuaishou.com/short-video/3x6676fwivrqq2y,盘点沙雕农村搞笑视频 #农村搞笑视频逗乐每一天 #纯属搞笑让大家乐一乐 #老爷们儿是不是这样的呢 幽默搞笑农村人分享快乐生活每一天,https://p1.a.yximgs.com/upic/2024/08/30/07/BMjAyNDA4MzAwNzQ5MzVfNDYzMzc1OTA1XzE0MjI2MTE5OTEwOF8yXzM=_Bb9881efb4f2b49514f166db4220601e3.jpg?tag=1-1744603431-xpcwebsearch-0-i2klbpnogu-269b574112b49fba&c,https://v2-zj-scct.kwaicdn.com/upic/2024/08/30/07/BMjAyNDA4MzAwNzQ5MzVfNDYzMzc1OTA1XzE0MjI2MTE5OTEwOF8yXzM=_b_Bebae988a3056b022a6853c7eb72eb661.mp4?tag=1-1744603431-unknown-0-a1dy3bk9ge-275f089b7ad7ac,CAT_077,36,19,12712
https://www.kuaishou.com/short-video/3xmw9666k626e5e,#婚纱照 #变装 #氛围感,https://p1.a.yximgs.com/upic/2025/01/10/22/BMjAyNTAxMTAyMjAyMzlfMTEzMTU0NzcxM18xNTM1Njk2MTY1OThfMV8z_B415371d90fa438a61e28150ff4dcf144.jpg?tag=1-1744708265-xpcwebsearch-0-dng395jwce-6f3a5a8a5a3c1a0d&c,https://v2-zj-scct.kwaicdn.com/upic/2025/01/10/22/BMjAyNTAxMTAyMjAyMzlfMTEzMTU0NzcxM18xNTM1Njk2MTY1OThfMV8z_b_B203d0f6ba567bf4b3d3f738b6e2729fc.mp4?tag=1-1744708265-unknown-0-ovypvjex1u-01741aead9e6c3,CAT_045,35,19,33247
https://www.kuaishou.com/short-video/3xya5u37jfmq42k,厨房防潮没做好，到处发霉湿哒哒！这几个防潮小技巧 ，一个都不能少！【厨房防水层】地面全防水墙面要做30cm高水槽区域要做到水龙头往上10cm的高度❗【台盆】选台下盆，再搭配抽卡水龙头日常清扫hin方便【注意❗】很多宝宝会担心台下盆会掉，但是现在技术很发达啦，金牌刚拿到了『台盆下扣技术』的专利，台盆上站人都没关系~【挡水条】说过hin多遍~一定一定，要做挡水条前挡水5mm，后挡水4cm高度【水槽柜】底板单单用铝箔纸包覆是不够的🏻底板的材料可以用雪弗板（雪弗板是运用在轮船底部的材料）水槽柜四周可以用不锈钢板，更加防水防潮！【踢脚线】一般做10-15cm，更好地保护柜体呀！,https://p2.a.yximgs.com/upic/2021/06/15/15/BMjAyMTA2MTUxNTE2MDhfMTE4MDQ0MDE0NF81MTQ2MjYzODU3NF8wXzM=_Be838695e79ffd91a7b0882503ed83da7.jpg?tag=1-1744705497-xpcwebsearch-0-gky7ganh5g-ebb9d5d829341bb3&c,https://v2.kwaicdn.com/ksc2/9w4LKArZmzurBkkDVr-dz7LOeWJk8z2PD3ld6eFfeWST2MKXFN1MIBdN0mLx3wKiomcLvNNvGuI1HDV4U0ZMpOc54jvniTxbob46x5lNLutDT2k7E5VQ_TL920o_j4SaBAQ0HieTkSpNTOH4lwmTIEPdRAJfTaH56-_WEYBeqIMF,CAT_137,35,19,24679
https://www.kuaishou.com/short-video/3xaaxuywpj3qpk2,终于用上这个BGM喽👰 #婚纱照拍摄花絮,https://p1.a.yximgs.com/upic/2024/01/02/17/BMjAyNDAxMDIxNzQ4NDNfMTk0MjM2MDhfMTIxMjEwNDI4MDY0XzFfMw==_B28a5b5f46f4d1d03617150c9a810ebaf.jpg?tag=1-1744708259-xpcwebsearch-0-vehlzgvzrb-ec275863748df1ae&c,https://v2-zj-scct.kwaicdn.com/upic/2024/01/02/17/BMjAyNDAxMDIxNzQ4NDNfMTk0MjM2MDhfMTIxMjEwNDI4MDY0XzFfMw==_b_B3806952729859a39db162b18ef97afa3.mp4?tag=1-1744708259-unknown-0-ehaijez2sm-b5ca8d005ef1e3,CAT_209,33,19,33207
https://www.kuaishou.com/short-video/3xhazvd7pxyic3k,@有妈真好🌈(O3x2p3e2fm2rmrva) 的精彩视频,https://picsum.photos/300/80?random,https://www.kuaishou.com/short-video/3xhazvd7pxyic3k,CAT_175,33,19,17890
https://www.kuaishou.com/short-video/3x92gdhvfs3amtu,春蚕到死丝方尽，蜡炬成灰泪始干,https://picsum.photos/300/80?random,https://www.kuaishou.com/short-video/3x92gdhvfs3amtu,CAT_059,32,19,46482
https://www.kuaishou.com/short-video/3xgafgmtzxfrn9m,美国中央司令部公布战斗机起飞视频证实美军对也门发动袭击,https://picsum.photos/300/80?random,https://www.kuaishou.com/short-video/3xgafgmtzxfrn9m,CAT_172,32,19,41178
https://www.kuaishou.com/short-video/3xxmzsn7er6asrq,欢迎收看我的早间日常 #我的vlog日常 #日常vlog原创作品 #小洛很乖 #感谢快手平台记录每天的自己 关注小号 @xiao洛的碎碎念✨(O3xahjyprkp5ytzs),https://p5.a.yximgs.com/upic/2025/03/27/18/BMjAyNTAzMjcxODI1MzVfNTQ2NDg2Mzk4XzE2MDIzNzIwOTM0NV8xXzM=_B3fbbe5a2187e65f8d749943fff4121da.jpg?tag=1-1744977210-xpcwebsearch-0-vj8vqu09g9-c68132255bc54bac&c,https://v2-zj-scct.kwaicdn.com/upic/2025/03/27/18/BMjAyNTAzMjcxODI1MzVfNTQ2NDg2Mzk4XzE2MDIzNzIwOTM0NV8xXzM=_b_B7d8ef7d43c976a65fed97c78d7b6df30.mp4?tag=1-1744977210-unknown-0-s4e6oad9hp-8c35f2af4b6511,CAT_034,32,19,50042
https://www.kuaishou.com/short-video/3xritatpkevkmg4,宝子们👋，夏天的脚步越来越近，是不是又到了满衣橱找短裤的时候啦？今天必须给大家分享我压箱底的宝藏 —— 洋气百搭短裤，穿上它，瞬间变身时尚弄潮儿，轻松解锁夏日 N 种时尚造型💃 #洋气百搭短裤#夏日时尚#时尚穿搭必备,https://p2.a.yximgs.com/upic/2025/04/11/15/BMjAyNTA0MTExNTU1MTFfNTQ3MDgzMTAyXzE2MTQ1NDYxNDgxNF8wXzM=_B0152c670e0d09b56cf2baf22f54e9324.jpg?tag=1-1744707590-xpcwebsearch-0-bmjrjmiine-16841f442e2bee4b&c,https://v2-zj-scct.kwaicdn.com/upic/2025/04/11/15/BMjAyNTA0MTExNTU1MTFfNTQ3MDgzMTAyXzE2MTQ1NDYxNDgxNF8wXzM=_b_Bab6ca16360225cefcb6036ff776362be.mp4?tag=1-1744707590-unknown-0-zhbelvkfoy-37a4a8f6a2128d,CAT_183,31,19,30752
https://www.kuaishou.com/short-video/3xtsxmhnzxxxs5u,#集结吧光合创作者男人其实只是想忙碌了一天回到家能有一个贤妻良母般的女人能真心的疼爱自己，她的贤淑，勤劳，知书达理，温柔体贴能融化男人的所有压力和委屈，给男人母爱般的柔情和抚慰，希望余生大家都能遇到这样的女人 #做家务,https://p2.a.yximgs.com/upic/2022/01/23/10/BMjAyMjAxMjMxMDE2MDZfMTY3Mjg3MzI0OV82NTUyNTMyNTY5Ml8yXzM=_B5d7a0fedb8bf25018a18f7e030a47a11.jpg?tag=1-1744702722-xpcwebsearch-0-jbn1h3fl0r-387da099a3cbe89d&c,https://v2-zj-scct.kwaicdn.com/upic/2022/01/23/10/BMjAyMjAxMjMxMDE2MDZfMTY3Mjg3MzI0OV82NTUyNTMyNTY5Ml8yXzM=_b_Bc26fd8dd771696c4411efb1801791997.mp4?tag=1-1744702722-unknown-0-yl0ikkuzqn-f7d86daa35929c,CAT_021,31,19,21291
https://www.kuaishou.com/short-video/3x8pp8caxebck64,书桌脏乱差，看看我收纳 #生活小技巧 #生活小妙招 #收纳 #书桌,https://p2.a.yximgs.com/upic/2024/11/08/20/BMjAyNDExMDgyMDMxNTZfMzY5OTk1NDI2XzE0ODA5MjYxNjYzNV8yXzM=_B23ff315e1961d585c905d51150e567f5.jpg?tag=1-1744977536-xpcwebsearch-0-y22wyzqhhe-a9e218090abdfc0c&c,https://v2-zj-scct.kwaicdn.com/upic/2024/11/08/20/BMjAyNDExMDgyMDMxNTZfMzY5OTk1NDI2XzE0ODA5MjYxNjYzNV8yXzM=_b_B2d61c13d6829c1904e89618efd5ccc11.mp4?tag=1-1744977536-unknown-0-d24kwq9kwn-25af6b3e839182,CAT_021,30,19,60312
https://www.kuaishou.com/short-video/3xmejm7div66j9k,#颜值气质美女完美身材 #大长腿 #黑丝穿搭 #快成长计划,https://p1.a.yximgs.com/upic/2024/12/03/12/BMjAyNDEyMDMxMjMyNTNfMzYyODM1MDA1NF8xNTAyMDk2NTk2MDFfMV8z_Beeaab15ebd439d2dde2624d83e237b96.jpg?tag=1-1744602405-xpcwebsearch-0-qxzteaa0ek-42b7e81923d55409&c,https://v2-zj-scct.kwaicdn.com/upic/2024/12/03/12/BMjAyNDEyMDMxMjMyNTNfMzYyODM1MDA1NF8xNTAyMDk2NTk2MDFfMV8z_b_B20628e2f2b936701ace2fc5333eccc8d.mp4?tag=1-1744602405-unknown-0-nblg8ta8a4-1e179b5667669e,CAT_000,29,19,12545
https://www.kuaishou.com/short-video/3xrupmtg7hdmazs,世界上最恐怖的幼儿园。 @快手热点(O3xddgkd5fav5if9) @快手粉条(O3xhcy6vhfzcu3qe) @我要上热门(O3x8er38dpbhvbaa),https://picsum.photos/300/80?random,https://www.kuaishou.com/short-video/3xrupmtg7hdmazs,CAT_008,29,19,43481
https://www.kuaishou.com/short-video/3xwjn83h8iwfcbk,fyp 内容过于真实 搞笑幽默 课代表日常,https://picsum.photos/300/80?random,https://www.kuaishou.com/short-video/3xwjn83h8iwfcbk,CAT_011,29,19,19599
https://www.kuaishou.com/short-video/3x2hbgry7fxscew,大学生找实习的3个平台,https://picsum.photos/300/80?random,https://www.kuaishou.com/short-video/3x2hbgry7fxscew,CAT_109,27,19,20262
https://www.kuaishou.com/short-video/3xqesdzc2m87k92,#家庭教育很重要 #父母课堂 #兴趣才艺,https://p2.a.yximgs.com/upic/2021/12/03/09/BMjAyMTEyMDMwOTM4MjRfMjE3NTU3MjEyNF82MTk4MDEzODcyOF8xXzM=_B8147c87a48dd9779db5b2e25867439cd.jpg?tag=1-1744979185-xpcwebsearch-0-fdev6dgncm-ab68c8f728096694&c,https://v2.kwaicdn.com/ksc2/8qmZF0mWIGnzGtnTz5MUCFR-MeK7tUF60fv8TnEsu4p6GWDhjO_-GVSIFGb4FyjRscxRS8C_P4N1CljtTjsz9SHGeON67xkwD5wx4-WklkMNejWMVXibsovJReFS9ybazKzf22ZsomGd4lDhkL7-iEQH59j57w3rZY9HbONL5u1Z,CAT_087,27,19,49955
https://www.kuaishou.com/short-video/3xry6zq8ukijana,我就能想到这么多了，大家还有啥补充的？#自驾游 #美女,https://p5.a.yximgs.com/upic/2020/11/10/17/BMjAyMDExMTAxNzUyNDJfMTU4OTU3MjU2M18zOTAyNjY1Mjc4NV8wXzM=_Bbe41f18d2b5caf0a9575121ff4d20e10.jpg?tag=1-1744708351-xpcwebsearch-0-ecmjb6kioa-d0e84db2a1b860cf&c,https://v2-zj-scct.kwaicdn.com/upic/2020/11/10/17/BMjAyMDExMTAxNzUyNDJfMTU4OTU3MjU2M18zOTAyNjY1Mjc4NV8wXzM=_b_B1108bddee8d0fdc7813b1c2f9cc3a471.mp4?tag=1-1744708351-unknown-0-b4qyl7q33w-d4a55c6204362a,CAT_021,26,19,33535
https://www.kuaishou.com/short-video/3xntqngid9ttzj4,春游野餐你安排了吗？10分钟就搞定的午餐肉饭团，外带方便又美味！ #午餐肉饭团 #踏青赏花春游季,https://p2.a.yximgs.com/upic/2021/03/13/21/BMjAyMTAzMTMyMTM3NDZfMTg5Mjk2NzU3MV80NTkzOTU2OTgyN18yXzM=_B32ccb9500fad1a89d52a0d1a1d77f8ee.jpg?tag=1-1744602107-xpcwebsearch-0-pk31utjc0q-2669dbfaa335f677&c,https://v2-zj-scct.kwaicdn.com/upic/2021/03/13/21/BMjAyMTAzMTMyMTM3NDZfMTg5Mjk2NzU3MV80NTkzOTU2OTgyN18yXzM=_b_B703a1eeca628b6ebddd7e221d10a0096.mp4?tag=1-1744602107-unknown-0-lbw1inyj4i-0b7e0b5be797e8,CAT_199,25,19,15899
